{
    "BTC": {
        "saldo1": 1000.0,
        "saldo2": 1500.0,
        "ranges": {
            "90000.0": 90.0,
            "140000.0": 10.0,
            "130000.0": 30.0,
            "120000.0": 40.0,
            "110000.0": 55.0,
            "100000.0": 75.0
        }
    },
    "ETH": {
        "saldo1": 3000.0,
        "saldo2": 5000.0,
        "ranges": {
            "4000.0": 30.0,
            "3500.0": 30.0,
            "3100.0": 40.0,
            "2900.0": 55.0,
            "2700.0": 75.0,
            "2400.0": 100.0,
            "2000.0": 100.0
        }
    }
}